code,A01,A02,A03,B,C10-C12,C13-C15,C16,C17,C18,C19,C20,C21,C22,C23,C24,C25,C26,C27,C28,C29,C30,C31_C32,C33,D35,E36,E37-E39,F,G45,G46,G47,H49,H50,H51,H52,H53,I,J58,J59_J60,J61,J62_J63,K64,K65,K66,L68,M69_M70,M71,M72,M73,M74_M75,N,O84,P85,Q,R_S,T,U,capital,labor,TXSP,TAX2,CONS_h,CONS_np,CONS_g,GFCF,INVEN
A01,5876.8331806262804,187.06791866489127,65.079121768962921,24.452639879057589,9979.4706493231188,249.42558274280461,2.0760559300679735,1.2738915126097685,0.96282590477928987,2.4740113334936122,71.840533118066347,5.909819376,34.198500578857448,2.9673569283624444,8.2636623047695696,3.4884503331984624,1.1712590759980246,0.61340767115265726,1.061357816845234,3.2049623606501232,0.88434053614097463,3.3517309705081639,0,5.1019133018267544,6.385816680812928,7.1670710495868636E-2,168.47006904048851,3.5318419227917728,153.90522724242498,368.36151280034471,11.706119096791598,0.70262540822884778,3.1632751903835992,14.726548163970971,1.8966489660672663,535.80532237062823,1.5958151107361429,42.336947983321238,13.294832040366749,8.9068895806362587,7.2993084315217995,3.1999358145467047,2.1441453232826522,100.73374607811373,34.755742513029233,0,0,0,0,118.84736184401115,56.171949336376969,31.316107123631209,40.856861891557237,163.50408372546826,8.4757076080157212,0,,,,,2777.1223130368885,0,150.59333923663326,856.7336912205792,206.2904641358584
A02,78.053348402050659,41.448142573099581,0.94612081839967843,3.572607138281068,0.78069824822941825,9.7984993067947945E-2,809.92218420496897,155.74501476499177,2.1818638884310584,2.447181007569994,85.92301338124588,14.183171160428545,19.196829474275447,0.27031352439130862,2.931468902039585,0.45422240651476231,0.17632019051216719,0.10460246232565823,0.17981414191945203,0.7162007859461057,0.12160903026009111,17.42723090343026,0,0.65835743096576538,0.21510607282401284,1.2572485803761213E-2,24.234262099963225,0.30443231291085099,4.2992234940176806,2.6809900274939116,2.4187465020784136,4.1087833371384691E-2,0.92225166890033017,2.1462583743016195,0.2361369760431932,2.3379797378650773,0.68267676860588844,0.32874630529162863,1.3979809608359868,1.0276807879462799,0.75976129601499287,0.40429784625613718,0.56469152458327954,5.3926503180741125,3.6635670334200117,0,0,0,0,3.9582307806558283,1.9475210793917732,0.64851803915830375,0.55378505961302471,1.7206118222601372,0.22003772457520354,0,,,,,70.24296603105067,0,33.268020539722542,17.164762100278093,41.532184998661521
A03,10.916018590842041,1.8480289573584198E-2,8.3637326296781662,0.62337079089588254,254.70604350988827,19.66717132120564,0.13477740281791062,0.12034302677996643,0.12880077249850638,0.37699071759797725,0.17705972325730601,0.1777567464765091,0.20348836273670515,0.15736008713883998,0.28145554634916581,0.2475577695540172,0.10335633711719031,7.1242852810702237E-2,0.1185984836944131,0.43958515911227014,5.1376753916209821E-2,2.892976232090553,0,0.29444160542482839,9.4819077398373086E-2,7.754849420994382E-3,3.2462339107431974,0.20987865498058178,6.998611602690338,73.750916042057668,0.25646761883955049,2.320684836428457E-2,0.52375869474597603,1.062213560178243,6.7052592508404174E-2,280.75632207535244,0.4487731238676953,0.14346295035747478,0.39044721491657619,0.61790452875546165,0.39395041926777863,8.6790942773824181E-2,0.33886108107523283,1.5229272166872181,2.2259154674115651,0,0,0,0,1.4733906750375096,2.6549638901489252,0.38861844895222497,0.37839093045827066,7.4202563904857533,0.14337396213081405,0,,,,,349.88356312240523,0,8.7605673093864525,4.0900304083872916,21.744684579249867
B,14.206129337240544,0.24355318432654138,0.2116968861699331,996.26555743706979,38.892553513018136,2.4236382770401383,4.3394380238692118,6.5873219428940972,2.4165633574551348,4690.4337920630578,130.76425822379821,5.0818774974753733,3.9307624844206845,200.4354096393312,5511.0994299812792,13.495872309085398,3.6668313209692833,5.905065748,9.204387370121264,10.216581033974489,2.7994153318765833,2.3345882723818168,0,493.07947592241925,7.012325723271136,0.11568994292866785,118.91909353459178,5.3662728579163126,412.56888122100889,33.085924773478609,45.94298948062071,0.56961523514723744,3.0445834504447173,11.894628025666394,1.8132579762054128,28.360947572477702,2.9639603461016106,4.9749308288216909,15.13829870935607,20.16469239337097,1.8027762434877377,0.85248368183091938,5.7433746908769674,30.265008993326145,72.659453635402897,0,0,0,0,21.552157704019212,27.42106249776651,6.6383432747142308,10.929562564985703,16.203361326517857,2.3806566703733809,0,,,,,138.45768971502832,0,24.831078547754704,788.22685280348719,395.99775781983186
C10-C12,820.49684918730645,7.001093598392921,45.91238677067588,45.819849871320073,4809.5818992817749,159.04081576695444,7.3730363020272973,8.8818660842456261,6.6422129273457422,12.425254346914597,137.94065278743332,63.374879745069229,33.896622142748548,9.5204847226645075,18.15697037362153,15.688807062388539,9.3333928947878526,5.9432387687675412,13.63663992906514,29.974794529088214,10.449431703480753,12.101935795375137,0,11.392389639639172,15.253490672819957,3.585836896574059,103.40847451468595,40.979447153336537,327.69766841966361,1617.4028295484359,19.430860681409609,1.3884396434423361,9.7615796758282674,17.660009794309349,10.11638439938935,4422.1596141653436,11.334374309139124,24.802972564284051,55.352708878994868,45.97787495284441,23.11034285996146,1.1364132995194756,3.345844747997047,46.679951307854772,105.47413506384794,0,0,0,0,65.250274063195434,207.3889688,120.57717202253804,145.4312523206838,329.77565834950809,38.045382173115456,0,,,,,10588.848893728366,0,18.737191044869189,186.18460170709565,106.24003321750547
C13-C15,14.906941575145506,1.8162583431800776,2.4571336151727641,10.854184156834894,34.184124876975609,134.09129519941175,6.9598781115131239,6.9160868766811685,8.0180377596934918,2.598784445492063,11.752325296370428,2.8403231821190489,14.663375033603238,4.9486035519428357,11.609337809730677,15.507846346749666,4.3534632520870762,3.6610005572813034,6.6876432820424894,21.264370922687981,6.9317026066464997,19.521035614430684,0,5.1729364468380812,2.6131271341346491,0.96726882200830477,64.760759262633741,10.246850090500541,33.940145901248705,22.036913372265147,11.194143629601191,0.51741241864845255,3.3871034506483038,6.4765923155401302,3.1516845427661573,34.247127400286125,4.5141996628909462,3.5974382515969854,10.572639536472161,6.8782556991121524,1.1183976262393409,0.12307344839412641,0.37440072818735282,7.5263837764677382,12.359411286753486,0,0,0,0,10.739895942110948,28.875528686567243,15.490300082053864,29.28332194409116,24.716089342808516,8.0243000923973451,0,,,,,589.41189288634894,0,1.2298626616012189,87.601891904381858,8.248576495783972
C16,28.394007855068516,10.148157643288366,12.000480844268646,29.162808065357737,33.721291320333826,19.569726447682957,585.24781294403351,29.197483374430835,11.89470852319333,8.5422626768038494,8.5891783754069557,2.911941022916861,22.333463687297133,13.481084931631033,21.11175547391159,164.47568423914805,5.3228815721611227,4.5811858135007997,13.657087000938091,18.150522812551859,66.088961245985956,399.82287123620023,0,3.5841258990344107,17.770643598915342,0.44913051081905603,1826.6789706767856,7.457826888821109,152.7503751,134.64853340896818,22.32816827532389,0.85529379882623702,2.6431302291440919,45.144031527231064,5.3389043593362437,28.296007796985712,7.5400104061031525,16.166417395050154,24.934302366953123,7.6624799777032093,1.0664693611467391,0.17768925771090538,0.60287878073359735,66.955011067664458,13.25403282688629,0,0,0,0,21.81112339104493,62.466970525970673,90.277288727647644,12.299328163528234,49.984606455399621,2.8334386692192584,0,,,,,154.92073671700152,0,3.9813812579081285,109.39697233011694,54.070118506899952
C17,33.055149413891314,0.40930448954749138,0.40510051984853079,25.522034289194981,447.93983936137136,9.3139153637916383,14.134225142109722,401.18372713433587,233.7709343,2.9368282033068231,50.208142922074146,41.67011814576351,42.489258554607552,47.640288484082461,13.932279429707949,18.832744847369508,9.9284772170578357,7.4547141978223239,10.526535872246509,14.876361563887404,4.8037855963782032,8.412046066807811,0,17.672851924565343,2.9758844680606185,1.1787147919380676,160.87088841741502,7.4847260968212339,219.04273240951301,142.37473882948734,17.849019395748119,1.5575755505268325,15.982112781615944,8.0990703494761362,8.7183406806543395,94.358957751516584,183.27542463468359,5.988573947537728,37.497606190885513,23.551388030504913,10.339432580520214,0.17390971689757917,0.62729825176044596,13.550028710937758,45.497207781300474,0,0,0,0,33.020208720294654,119.19267832584119,83.261323852443098,98.250332171453636,33.086806783517474,12.632314814109451,0,,,,,638.39561521921758,0,0.88999291314764128,25.456642449982141,-63.91684073
C18,12.824502113713537,1.4699939416125041,0.6484349205222586,32.33046144329635,108.09542458906111,9.9479606896703281,7.9345017897098202,93.80177644888569,66.613484766906737,2.5615289841755726,28.957659227217135,11.054146872405019,22.553113739542074,20.694022056232754,19.708961506759387,27.397408199954207,10.474786059757843,10.473317603821307,28.128582922877865,32.595058120354473,7.4868288244233003,9.1333259700850391,0,25.995416610229949,5.7545929208017554,3.5891184348112324,140.62502577768271,14.870242381850048,460.89128504577195,548.3987806958437,18.071608131197628,1.6687677544846506,4.8801039671816353,7.0616325438348273,31.697779387637262,129.51113803985365,115.44707719975283,69.533040830060713,141.02726183049518,130.45018586490175,32.171941145748299,0.63706729233298665,0.82331952027277999,54.273730749534032,149.99246751454882,0,0,0,0,137.7866474009418,369.83919618752236,169.39346223454498,47.812461983060409,181.41890171808765,35.378491438411999,0,,,,,123.39524514510221,0,3.4258330678017774,24.810760131678496,-6.330327014
C19,513.3962471033675,75.743072784946975,62.903060803856008,1441.315645277203,72.455951400617124,6.183503840547969,30.547360138192705,22.518848270201079,8.3288372665887707,546.80075069408508,246.26725655871118,6.7945323462726721,102.43339594328182,51.549035307976844,136.13518161387378,49.164058180656994,7.9193338176846888,9.0181281834135181,13.634492575942216,30.890522048184309,11.937732974062534,7.6059033715250042,0,107.54252043055617,141.52414921151004,42.662430834358631,477.24694643032041,82.639399939065228,107.01139302117603,39.980253757836664,1794.0605081265314,112.16287634612578,824.75248986783754,75.494933606201727,130.56825322714633,48.822883145228701,8.229429880508178,9.2687398773782821,196.78360608205384,22.129195903886384,3.204787961886693,0.34657638043049843,0.82490957866540071,25.23123531,51.851087852762106,0,0,0,0,47.956490481677911,252.01353639606396,20.941397413777313,55.298779831640985,51.733471413738066,15.619636188673214,0,,,,,2993.3954000765825,0,2.2433809227089743,69.427808657009237,101.92203312779311
C20,584.10228019254714,27.398664912389332,4.7004862512126078,249.8176496211411,96.680789183872164,24.725617822240952,42.790420270716773,100.75902115247789,72.520471396181804,211.2163436896135,1153.8956488098534,74.88226285029485,813.55350903668409,94.974496265799814,87.011722216377748,66.185607847024059,42.337267785870324,46.199748209002088,21.288573896549966,86.291572608047488,31.435118574814538,33.282330119581381,0,36.492435515355986,95.147065361333787,1.9715623221548413,485.69055571039604,22.101287399443219,120.90913598250465,53.760130019452461,48.195485633780422,1.6614697967053751,12.085294137988564,21.818768901705614,5.7481330312120065,99.279380944137969,6.2019724219268664,21.983286559728715,24.566627741492933,38.369385758707374,2.4512535312138786,0.37613740324215755,2.5950608612336237,54.218238349975884,93.62082635180758,0,0,0,0,153.2469806928884,98.121049332093364,32.66773064415591,95.710445952825111,141.51275278144678,48.421776606617513,0,,,,,966.82043453336121,0,12.407176594059845,116.81479120229228,128.72204388101454
C21,353.55922285131106,0.91513270043855566,0.49739190565179697,14.164535770449865,22.303193104461222,2.8857044711306181,2.734744841962125,15.978673324239908,6.0995186425249575,6.4087117214571041,28.006903733196701,115.8017211225763,17.643459721548577,4.7646072384933005,8.5085766854924483,6.0084492013270037,2.8128148447740893,2.2189105488402645,2.745695905851822,8.6087071827888462,2.1612734572792709,2.0642900104163231,0,3.3889581305654422,2.8745381144869819,0.14671771873792816,35.386022297872294,5.4731980680544208,27.979085966628684,17.586990144393798,5.1866471793976636,2.4662776212690627,3.2947312832796998,6.1358596859635615,1.0646704991147289,16.505582428786575,4.9879912551907521,7.9327030544833086,5.275095496342713,8.9918024553953639,1.4256689023062836,0.42349302988507398,1.8395895192864822,10.763462316373204,24.831391012701197,0,0,0,0,21.204520304024097,11.76647065359767,24.606161596462162,109.58138844022808,201.38261973748425,3.0004600705157092,0,,,,,464.1228625642986,0,422.82795337009662,45.555301959804112,13.153058804003633
C22,89.088683589056572,5.8096726721058252,11.070895705842767,62.24855243699583,544.06210147498177,33.688082330306266,53.366045316751794,103.41505028613659,221.75568929417128,42.745797872760306,284.82032981302251,71.019150078658782,269.67503785102235,36.047600859479004,54.050526692018927,65.123343610454583,70.744158941110072,37.946002933235434,72.095461480413107,354.95479934392881,50.465905588478165,109.21796673780068,0,20.306081564604412,47.743396596187367,1.1424038011085227,855.16450485511052,67.975681025181856,229.28870045797902,110.89590816229324,110.6824279251353,1.798232256596453,37.417228090888756,55.912731840381014,32.002832170803323,122.17280093677937,22.768336445013652,7.5004249075412046,112.74138270267369,44.008648753991203,2.0147095954808711,0.23557065280294942,0.96798974106508417,106.30097353362005,51.365071788846038,0,0,0,0,59.686458205335157,182.94160483181255,40.557128809846702,50.445949085511565,79.558345520035502,13.168889645812254,0,,,,,437.44496782354543,0,3.0917909514419382,382.22843206193193,20.561843403485746
C23,43.521114941437865,21.368890737541779,2.6890272305173206,42.774747827111703,184.68504622792625,5.0747153668114953,30.823188271048387,8.0954969572337543,8.2010534134673847,7.3181839233116399,70.701669360586948,22.133478383644647,50.037211547137204,1216.8925659010235,95.121260961979686,159.3835863904078,21.975342097716116,33.610480150060766,37.310723494299218,123.70920891192689,22.311812830663143,30.691097472068758,0,87.53152812390681,43.476077621258071,0.90072897166379784,2762.0324590774462,45.441333901494481,122.53813931451401,39.685782404876363,14.664631208564071,0.46437992944812906,4.0050863610421255,8.7832616164621395,2.0266056005256208,79.239575937912491,3.0527649155936993,3.510646936461828,9.3062857821759053,7.7058609766432964,1.7223254006631397,0.29780339403765699,1.3343126137967054,69.910571674981654,26.725984203842646,0,0,0,0,32.402918351487379,46.982320645518158,15.023131791861461,37.923171829451455,70.681292713280001,9.5183056161820936,0,,,,,268.54168496821535,0,3.2271827729462066,86.72314647831675,64.064221619092251
C24,21.351764986146677,3.388699786869994,2.225773836095803,193.50390998785582,34.738402181946014,27.364828185370055,38.983825482572513,15.543090311775156,28.970576596092634,36.141398239592633,53.608609200189221,5.1438966601388403,66.818935425573756,81.780581004941453,4824.2122329057247,2471.9285481637721,296.79330454061841,563.28984041545425,721.98155650882984,887.06649358331492,324.47121757486951,351.22572169866095,0,31.48640597960275,30.102426207085205,0.4828029609557109,1289.6215010085366,23.726150598685351,246.7856468142916,54.586256283813775,21.076395777543201,0.61738305727557907,3.6859310452593097,9.4413380723990379,4.5974414779547343,31.109630184116831,3.0998301994289972,5.6276749903918626,17.911553318248188,15.749312696772208,1.4343759611296607,0.55135376835176775,3.6848753251602373,103.34505580857369,55.945317546468345,0,0,0,0,27.2949707,54.168001867542877,13.882652503934766,17.339628433187912,138.99034618889192,4.8411975642178087,0,,,,,104.18155843874334,0,6.9381026481224568,178.87179767047184,186.83754907789546
C25,81.126239636238893,30.016789045504542,25.551855026396908,343.16810870072987,272.19636639799108,17.179565988434376,111.56881115207246,38.841397132296926,14.17934243707597,11.868731323832147,90.411505123045032,22.229436618967302,127.35974068735605,121.37856404570347,370.77526057167222,1339.5151154387017,58.14276038,134.31206355105974,477.40052222155089,288.88089269333773,217.89039245759642,108.68686576313273,0,71.793782891403367,176.32602063781758,1.5110323300309947,2843.9636130109293,52.422128560656191,149.30901569928841,123.78972909052038,162.67194591082432,1.5082270899302048,10.549177203448771,29.984822795679015,35.372266558747185,155.97258680039334,12.144923792473291,27.320332553286807,107.29896366438432,32.68140363,4.9181055956398314,1.0532941712911383,1.3306947426763061,158.51647135230715,52.82356950777951,0,0,0,0,40.410243910344079,191.44440336047853,114.73833629538038,52.786254925758776,155.24403072910209,22.421991893412137,0,,,,,436.68238618438062,0,3.9152749526389501,1191.6571904843388,-14.93393764
C26,16.485856246945477,4.8802221925632363,3.1546028390532808,35.880101005594668,17.672863268425303,3.122141466221831,3.1445751918573945,3.7933660828549227,4.2861669397970719,3.2934902435460591,9.0786343676779406,2.2061345438843447,8.4637082503278673,4.9622252502950639,9.578951293285721,16.062929254223498,42.551384628281589,27.346269508223894,28.190315180326696,28.696652864010023,41.799004386788766,4.8092704322119761,0,14.895860703985669,9.941782444,0.61441455637832354,112.33156947522893,23.243532387914524,45.338435376788773,22.804638509318139,28.953362400428826,1.0352808995870997,5.1296900278851743,27.81936505141439,16.676743064578972,22.565260377414251,4.6094984493063862,23.054736001150207,92.732613744260419,40.082214901070898,4.9761588708843236,0.87118440889596238,3.0157283300724442,20.086162827779312,81.028517355689061,0,0,0,0,34.565856411628509,52.507391760693203,53.268117363540497,79.917566059567903,86.137644802185264,6.012641181655475,0,,,,,576.19054643699781,0,17.183685896760924,799.59046124917552,-434.2077673
C27,20.307951525315751,4.138535955587872,4.2276698387324654,29.179901116011091,24.166870444248314,3.0633971221254481,2.6698626841688431,6.6745699771442029,2.7579376029583229,2.9770484407656723,8.3252152551415559,1.5744166178210717,12.438826219783065,5.2053858603478762,14.749285691427954,18.215652582740734,32.460370774954953,93.631004886293795,77.72639377662253,30.973149967887661,31.622993769742056,4.2235947105849689,0,98.730780639404472,7.3919721732744108,0.45677445855116788,206.00335809967277,30.98369564,39.419066613111255,20.112003098258654,30.999148221492565,0.63390612103177801,2.3135868636519441,10.67880350569339,10.086789736725782,18.427057381920804,2.1513716065239752,12.237665866628349,77.193891348422966,21.987625083347694,2.7869840132032584,0.38243094096111147,1.5576472769973786,17.202382187079447,38.337624841658339,0,0,0,0,17.004019991216001,25.972304822539776,13.881987310700911,16.645204428680636,68.783274529305942,4.5780098996744663,0,,,,,1056.8118031790295,0,6.015104540639852,385.86008874649025,-89.85530416
C28,78.584901154161884,46.463846429418766,23.86959336283121,214.33641159178737,64.10875409423889,11.530633512328375,14.225371142492332,9.9679425660108514,15.830718354587965,8.3269036558140339,20.971184811702482,6.6505290245718252,18.442234887170549,23.525252788116994,48.281896935747227,71.387629887905064,29.339674923934574,45.679475263447564,129.2117591689678,109.34443605484783,60.663229891029921,11.965323853543577,0,46.481834634194023,20.19237673781301,1.1997178095608592,224.24573874888776,133.80873897546249,85.650457853413045,49.417940979067026,30.775769541189412,2.705861285,8.4219105138954724,23.162726856638443,8.8244212669840341,45.413745694356301,8.4265194473570535,14.823595628768592,46.487536309378086,30.317807161287163,7.7025406008703818,1.7822395948164695,5.8181957296684992,34.80590325,100.86568869046516,0,0,0,0,55.125383933620711,71.523423211291615,39.293350402449924,30.187134286382019,161.89543883990777,7.097082865345552,0,,,,,668.22514645685726,0,51.445702399211861,2018.5327633625859,-382.9151848
C29,26.178529035676164,4.5424098386476084,6.2681497880103167,33.546380366015782,15.862578522378152,2.971246692314736,2.6223692651929902,2.9610940916431554,3.8173803250363343,1.6199903071453841,5.3752664448000305,2.5892689118121885,4.927257144010416,7.1882517414572131,14.406289406758408,15.004720057114877,7.7578525392050706,9.8943824900951789,27.620101568705444,1222.9551888242509,7.212013472993358,11.763534829256914,0,9.4031411929169533,4.8208071674662749,0.4029226502992968,109.02146202362532,773.50066691363259,81.934082777529866,78.080828744386977,253.8186793,2.0504329246496433,27.052401617367387,77.573107698656344,11.818348178347735,23.556197242034042,2.5242576521264994,5.5451626090234587,59.183940860322068,24.456437849519737,1.8373680798765311,0.81997997017698354,4.4669392258167351,24.808776120868664,64.470343909302912,0,0,0,0,34.568205608468276,60.80839302726919,27.407063298747218,9.964726660316904,46.458052489842842,4.0214289462374619,0,,,,,4621.221565,0,6.2984530331969086,521.03457072795675,-19.54026856
C30,19.662123931731045,0.99839702709236211,9.3544046075631169,52.056653939458755,6.3398324996555244,1.4254798541599532,1.6087766116388083,1.2212378892051563,1.2871284023801224,1.1277436699798524,2.1607940661411105,1.1304003367514639,6.2385019405903988,1.6785817505996361,5.1428460380153798,5.2514529870977062,2.3982746382033429,2.2199647212271185,9.5092529902696512,12.770253103468383,132.23107586932147,2.3901775728382617,0,3.7171688983666438,2.1785283112169465,0.12228978464313797,58.618402197865848,8.9481880395694429,82.526313001523519,23.744502855657359,167.04589612335803,53.122107068752157,329.59636033847232,95.006608474728068,0.88118964771034525,7.926758518,1.2625807588079732,2.1304592323372824,5.6469097880516799,8.7139336756423713,1.2567223480620533,0.66348260616359878,2.4414909155295565,15.58035945888348,30.724072257907562,0,0,0,0,31.281122793971903,102.56923893515905,4.6786438959749326,4.0697946483186183,12.833303626928316,1.0959267071845704,0,,,,,107.77218386139455,0,4.5176145643356289,1724.0971759497411,39.08293790779566
C31_C32,15.500119166278711,2.6511324840395574,2.9084998829840769,15.865967239539026,34.171379955111618,16.218549945895404,22.32556392690012,7.0903868207455929,5.8528787984152304,2.3673648415907977,16.856872431334228,3.7874285646173669,14.208486924732849,6.372763018744398,55.429582762338256,46.508283227593694,5.4732047829640607,6.3901280690627642,14.873663718474388,75.964641147349496,9.8671811878611173,48.60438372255242,0,8.8805248038065923,8.0765092879279425,0.6315114658678902,210.9322920232365,22.241255380973563,73.143868618286035,43.437432883814765,12.06549567578308,0.34250036936356965,2.6476230855220084,5.8826357787322952,3.8135592367096693,77.757864329069449,1.502857431492703,13.34399073415387,18.15297407786209,10.830690949054995,1.1078551400350556,0.10994732896691727,0.24150777685341326,14.626566238516908,25.316079061187292,0,0,0,0,12.005957320683882,52.657948986141399,128.71635382594238,53.560170374623041,128.22838461981104,5.9915146832069874,0,,,,,1120.996741897161,0,0.6473411341423464,312.81923434969764,5.1077040921237646
C33,0,0,0,0,0,0,0,0,0,0,0,0,0,0,0,0,0,0,0,0,0,0,0,0,0,0,0,0,0,0,0,0,0,0,0,0,0,0,0,0,0,0,0,0,0,0,0,0,0,0,0,0,0,0,0,0,,,,,0,0,0,0,0
D35,101.48740579344353,2.6264661542377792,3.9643199708244961,464.49821063558534,265.82848955982325,11.435038509349674,52.772631101248571,72.008579451595736,26.185580074752409,126.04689380167608,176.8529418549335,21.75871764263189,66.988071972419775,268.84382008575454,1480.6877676626621,63.076075295313323,39.212180944585199,18.840470764045669,38.316454241956208,80.705780675000582,16.841330841041131,11.45503334245676,0,2473.6236439976756,129.96347956923063,3.3744972774407191,610.61711083999705,63.166850041067512,203.47653419630686,149.01919171195166,48.109898105001342,2.3247634232038905,6.4875817279791193,167.67880557321425,18.461722020946812,333.43403097131738,9.9897741249152556,31.505757738120007,115.87791729947732,68.833140676696814,13.818342403396832,1.8385756438720799,2.1235420955499382,120.88893133198619,200.6304881658609,0,0,0,0,182.88641064753898,187.87093200886699,256.29653998240087,107.55138215049729,141.32712318408409,26.453084285685961,0,,,,,3793.0752439072962,0,35.715383776748766,1206.1845745366629,1.9798360975813294
E36,362.42469108101926,0.96262345521187387,1.5551839115940016,63.289993937359256,76.572560951654324,9.3019560401685659,5.3081724898155755,18.194666778533868,4.3458351200481244,22.122054542510135,50.135102199748232,6.6167407465888939,15.345299827736165,14.773629205915725,57.77811911,6.6676901847360028,5.8145275405439287,3.1628755086150959,11.955906653234367,40.414794738539747,1.4124662803193921,2.0387178029960573,0,61.982577129893734,202.90869520542785,2.1647001217253838,260.06116137822062,41.707029437636976,55.581860373573704,18.791859211198961,86.899037887887673,1.2826367171082083,1.2771749447307517,91.295023781843923,4.911295798125904,138.25640706865238,4.4778518964380174,6.1677809611028671,127.67730803245337,29.794656333810892,4.3305513399811959,3.5815870706509303,3.0249399075955927,214.19008148486228,295.59544801061134,0,0,0,0,188.3541977402964,122.54845365956339,22.345439839089085,45.601638520723675,52.407793759298997,21.322504825054601,0,,,,,1953.2708077844043,0,205.42400613793703,319.61629952586799,0
E37-E39,1.4855883977057351,7.7016915751267536E-3,6.8068953648100835E-3,18.197721129104885,8.6699317475352391,1.4022609550133125,1.4097828805890884,3.8460669472195645,0.75853701459317369,1.9253793671347621,4.8153697972795344,2.0550764540400919,4.8328131462808619,4.7073103342747808,13.262569788857109,2.9686026292235717,1.352008346606405,1.3548443571571154,1.6387813747875697,4.528017902,3.2594590604419529,1.1832314432279323,0,15.564778188546113,15.343318966523162,3.5354330776414455E-3,578.52046222481783,5.5600354292233982,23.037482530465017,12.952173112886722,2.2351609484610213,0.45751928865286373,1.8955123030296592,3.5155040023825226,0.86526384765223785,7.8375037460762274,0.94666517303371456,1.3687436542394091,6.6609258272981604,3.299532607315629,0.93597215315147264,0.68296885462642665,0.7132745832165287,13.357049330364314,7.7037167010763126,0,0,0,0,11.270086148136452,11.829539658350596,1.9222886591885808,16.005248989387642,12.718210438400979,0.92174596273464593,0,,,,,288.39832844443265,0,125.6706776234962,13.885304741759622,0
F,362.96047170262756,14.092920601003174,5.9571007923325885,1245.6419569687637,130.3542775563096,11.243074753349671,38.003139783493204,24.432411540814901,17.487895118180028,347.61463673771993,41.005958571836793,18.298077583396466,45.895744376760575,32.463452967219908,167.5079323965914,45.925376165201918,27.005722056091383,14.457502448723874,28.189283503907991,75.975654909729741,28.743639510364247,7.4048732873950884,0,1022.0844199663501,409.65872724190257,1.2094046969830099,16299.596090379395,35.327533217932711,818.10900295785768,331.8718560300714,278.49400736191978,6.004285926970538,46.838628901494189,253.77308238335979,10.848305952902047,406.88464247508051,33.70946899112819,19.446149898390665,753.73962005721216,164.96226130146729,21.483967748909379,9.6315988951800335,32.045773147650493,1234.486428256226,312.99524613322018,0,0,0,0,160.85048407259663,1365.6287990643766,41.278643587792146,54.894756413578904,102.44302089298125,15.815780651329815,0,,,,,668.12992502165218,0,1071.2995956261627,42381.317533900772,7.5824195361347607E-3
G45,197.8932027,71.883271939394874,22.330709044469604,129.23389635228511,130.99704442082731,0.5829383920765836,8.9907308994169952,11.253032285631754,36.971773649400859,18.065127741969238,60.456127057549445,8.896013772736806,3.4145806830698988,15.643641327015828,11.463212100522941,13.744229878656222,2.8190977012687028,1.4770814320583441,8.3589949236560326,48.298521648455981,0.39142632771770858,10.942808020734558,0,94.603116179113698,25.76993036783082,1.9691750732141382,280.40993255660715,7.2850450180740474,355.12098867821709,375.7293415717549,821.58018298352454,22.052882268086506,12.502595296398452,234.05363377734054,46.129755531813835,40.83897177110628,31.673943985306455,18.712245896432758,228.45928430511222,55.383388310382777,12.869590239853965,3.5020702674564497,5.5298690343754284,74.942581697899882,119.24348741519429,0,0,0,0,181.99404208037581,115.8656363754648,20.913797277302688,52.417772156894003,86.444691814667479,17.005738788074236,0,,,,,2668.6115210311355,0,0.14561825965008904,1.2675433197394272,0
G46,1024.0540986222156,76.637541466610898,53.709327774664949,648.38106391006818,1293.1354670278381,271.58615732212456,195.16914758224746,142.12712033125806,135.14192829371137,226.93833310768528,514.66848794129737,96.150183059879964,262.6129875533511,185.79808308329146,586.36674026067487,431.7180584147448,169.44133542071455,162.27983936100441,285.25107941185945,819.69022275689815,191.64334349675627,181.44076789128121,0,198.88836680961845,137.00028838578891,16.04961391908564,1684.2427998111266,572.67341761802879,897.43962022811525,543.4950552579711,710.56809261204046,34.244107617752121,210.66369203484206,175.22676345824132,109.72974393053899,949.41735323558828,62.88225129086581,121.90285929362467,471.09927202497454,218.94112319212863,49.825882032270961,9.8000196129918038,14.037028209125124,231.8743151555783,437.56000644956174,0,0,0,0,329.98270492771712,493.95884324647619,406.07346145137262,585.98239545692388,693.68995507413069,92.327973862386273,0,,,,,13427.707838775306,0,228.58475238257512,4842.8793072365188,-63.15140201
G47,334.16868256366814,34.489094888066909,17.188904329837918,134.76861670127732,381.55658935424924,110.08153330938448,39.388076109144684,30.154329306249704,35.480620463819648,36.009764178902614,120.33499339946805,27.950847946566906,46.409726529176815,44.05005474941926,99.386588028079018,80.898807621534033,30.276809519782539,26.239112250634154,48.029444277677499,152.40662606671859,35.006120810082685,37.785284942954789,0,62.158570887528334,33.629053623090044,4.7561703932917183,430.02579673686944,97.622444987040481,429.51825373555658,361.88045643714247,301.52497433637222,10.746713622335331,53.617176940187385,109.19484003409688,36.427709616906739,379.38080293366392,28.825038786017991,48.529575671532186,156.6181120468315,63.733722367691371,34.30073538044941,5.4416217620774212,8.5253409286267416,95.855415075445634,139.82524634057529,0,0,0,0,154.89171606650959,162.48684488465847,124.87285421238596,192.48655825060823,225.81585426013692,30.44875360026149,0,,,,,24296.032748946625,0,564.7521166447782,1043.7701957532511,4.4619505039312255
H49,449.84562043994265,17.643969848920001,9.039601238442728,350.15906232347328,1042.5376129496044,58.91725657680724,205.98299073659194,81.777320123955874,37.56840847673223,71.527588802557077,200.87469566211493,29.607948925702814,98.384369006461384,295.35456018405677,675.32324981509987,158.01066751465802,28.092537279378959,37.195182631997028,59.89693857,106.5148710044774,27.052401876492517,65.983089486008978,0,135.75774076944026,26.821859884622235,2.9778323846385359,661.40405788535406,31.008261887602419,410.83756942331263,161.59492416529093,482.81069798970447,11.984420445242908,42.463886697168164,152.7359304012318,31.577150546938913,280.63517333085503,31.836838725963371,23.899380262565838,140.95819854189588,46.123318810347534,15.368314590898688,4.2338570003072205,9.7649085337042276,60.454959541037042,116.91662819204225,0,0,0,0,113.55052944107892,259.55257814484111,105.57020003193941,101.44115088466665,131.13860727666469,19.227851385965845,0,,,,,3894.6343115217892,0,227.18606117588865,425.99167831649817,101.89271341636365
H50,5.2854837978383582,0.2127510303815342,2.8562491184349481,117.17205141242104,36.869849113848424,4.7374814762064892,3.8867936598856181,15.933734200620865,2.1016309879723174,191.98067142970211,55.180255894617325,5.030618622955302,26.530819267245025,75.352410023151265,338.34311741465507,26.325013267748581,3.0772549135488383,1.8668584235797687,31.230096709865894,7.9478764126966936,0.87398535237103203,2.2401417147388085,0,72.899962157937168,0.30980015399349231,1.153243863767764,32.815848475481545,2.6672395605161343,72.081898630719522,25.841030259595637,6.1011504523536511,275.97840331324653,7.3409853368191733,6.2203267115520386,9.4500762868510471,30.422842928136902,6.2469006713322042,0.71163413270288522,46.806393620499691,39.201211709672208,5.4598453806217382,0.97855556805985144,0.87170759236346662,25.656544875617804,112.61713619156032,0,0,0,0,55.632005677115863,77.914906565465898,19.63579758932163,16.215129824780359,11.993585849092966,9.7361552071001718,0,,,,,2.8635854431766972,0,1.2974437906134215,0.26883278401227101,0
H51,95.082394910441025,2.2260968622724153,2.5700965756575789,173.00163685520661,129.60948416116193,29.879772029942945,18.825456972317852,30.030713214658348,46.761189266643044,40.867366167659874,69.167626528250594,22.442194002716448,47.78793607051729,33.463139359380875,52.959073045040121,62.903874917724522,31.271924122738564,22.127637535567949,57.142463222303384,74.911370659321264,16.790031163484645,10.022342782766783,0,93.971604609795847,54.110312236600095,1.907882807958353,150.30943852820323,15.101752280565051,696.29627397552156,249.56514874304631,46.11682130669012,15.146948526722861,154.62313090872496,155.57489667977984,53.772842742812401,102.62666174076529,56.197693249002214,60.035550470160004,263.96307416905796,203.96957539480724,75.363905387916105,25.857346501211943,51.851059084021081,69.916059144864434,857.37097156470531,0,0,0,0,444.20711004628004,653.72885730018902,193.94826404564623,54.094292948518756,193.53321697471787,21.677626803891982,0,,,,,128.89479512943512,0,37.647049518783959,119.11474255064834,3.2348665625836541
H52,425.32608916813831,2.7307879202572112,7.112333865872098,273.98812092277296,407.32258258788488,21.119997615577208,95.100333456133967,137.94323253277727,33.062556824849693,52.710290307862863,230.37656477132526,76.223210186997051,69.326229687790203,62.28710770767357,143.79049660036088,158.5358115130644,9.7940887863246218,9.3537455172938966,23.770904922334466,144.48160652849242,12.016375539763159,11.66911811531863,0,15.204722233690012,7.2391600331768418,1.0740981096607793,524.29946853179604,46.883113261038844,3109.1861749856494,246.69950709885543,213.43951632766797,264.08500449310475,419.43413419798429,736.45395231210966,18.524091968064713,53.938378522080392,140.54909613462172,13.546927997956695,91.454409104287819,84.168319442470604,31.485546137849727,5.4512846865235316,2.0452842158488291,129.77118482844585,343.07577704188685,0,0,0,0,456.59972314657881,468.03453617535155,76.375800492959513,27.176425081676822,72.37929309555301,8.7123909537990123,0,,,,,875.94399238615586,0,1541.3067761576119,61.086892472419031,1.1715777200752786
H53,25.009705353795901,2.6338668215136551,0.7501585549337918,48.593832177374949,24.588016231125284,4.4290687311237882,2.1648778864811113,3.6629811731856794,5.7174385509985708,1.0445377849015971,9.574217001882511,2.1901272779786018,2.2511260766554471,12.010206096829611,7.480921321222648,7.3514900621830037,3.8363357325709573,6.104400777568407,8.6278630397598217,4.4287977553927806,1.6946609820036265,4.6984702797836571,0,21.863235643305792,14.533775034032406,5.4592125830416158,76.106086630031399,48.879680070835761,320.72253254735358,266.06370568101494,130.49310754788613,1.7217464020961173,10.885328203963262,89.974349227451668,96.907459218462208,138.73833788058425,51.33986701971866,30.289809211037078,200.17550989035712,101.05330318860189,55.701160203455181,27.329664453380982,70.255797008977297,43.283329792584937,396.86400285702695,0,0,0,0,176.50161848965055,232.31389463785038,111.48653803112362,79.470518544283223,153.20037459829598,49.219106940773486,0,,,,,0.30361838733032931,0,0.17350167094428812,1.5165575536590217,0
I,89.724240694940704,2.3372979203749336,3.5979732991802083,84.750048214598451,266.91342279151326,11.300387876486703,10.792258829414411,19.795745129644406,23.849398505605077,117.8458514981311,65.006462380743429,28.940404123756796,20.17508288230464,29.06627717270058,36.447237784337858,60.644257148734013,18.282341043379574,5.3486533798368052,13.757226249707873,52.401496120283866,4.2725254102496484,8.3654470846353597,0,52.272719347584747,18.441050810739842,2.4144051397983932,58.029001774700696,13.066060290338205,350.94816992903412,137.86720106516307,58.46575216938998,4.1812312374402225,33.718799565142767,100.81334815571186,24.187468215750812,42.842064572971793,59.996675963112423,38.245231540858569,118.16944271028466,79.915240575467521,61.378386607911068,14.697386786647828,23.399788307074687,48.644914722644451,424.65817054690308,0,0,0,0,242.83632560627441,256.6768077093862,71.912169704865491,27.326348680000343,96.704291172883174,23.104874829568217,0,,,,,18732.276149124955,0,5.7397654147713002,24.190554468760272,0
J58,24.102897847453306,0.67915840104519132,0.19154114471280992,31.62942511706779,20.656261145637888,8.1167755209284884,25.15865543607547,22.737282330812832,10.189564129898287,6.8651767733799547,19.893928615722761,10.621882438610241,12.551314623943277,9.6794311537831241,10.337086285358756,25.960988156493041,50.015946402139349,6.253424868,10.777035014969384,34.114278515697279,2.5355919063105943,3.0328164596974339,0,13.923459467037919,13.253060734640986,3.0892840806346169,77.402713239838505,25.505489748354965,287.04315304322546,359.98540187971696,23.689140569482898,1.496489192116967,9.5549301068891257,36.531407930210989,29.613675574858085,82.165439751741332,58.08904752921682,32.092213575062907,150.27330454315509,185.47442853186095,21.309726336274565,0.91498267190603233,3.5767639164000058,164.17177534994201,431.1792652086761,0,0,0,0,216.8710494072412,203.45654884845348,444.08804739924204,35.273924700131069,132.94900106073209,27.350255976772136,0,,,,,1837.4804687289491,0,5.8896006326534858,387.13265097154209,69.034616124749462
J59_J60,19.621730047552688,2.9223729605894517,0.24948239986743032,14.557673766713236,56.904732207239576,1.4537920272697509,8.0692998690903774,1.8917749865316955,2.6340699722048209,5.3907764903636366,10.320621661940608,9.1176994126982684,9.4678790789016034,5.7965868754863239,4.1939147358858868,7.060733217323051,2.3740965860023224,3.5187460458827373,3.2891348787049024,66.698042978729205,0.61982239427638475,2.1039914423609432,0,6.3943695350341549,6.1868531087626586,1.2024644077437314,63.682454860748891,8.791098572458834,91.278705493672945,202.61965547068468,12.148200061591009,1.9220539135868782,10.961797740089633,19.323503786661718,4.344328483555671,639.10658829288434,428.11779365863742,1227.3728513151705,35.710721107292713,194.0127453569242,63.169384557773391,4.5394813385950101,5.6380946289628486,161.95924453098712,470.14444292661909,0,0,0,0,314.73891363527412,93.134070175392168,34.284457471628684,15.371433638531352,324.80647267738266,11.669046063657293,0,,,,,610.09865574768753,0,181.81477310156035,404.48291474208537,2.8076963820491097
J61,79.019655422347824,2.763719625550292,3.8314164393979553,75.893947457751537,138.46776990327461,15.07119127293999,28.350632856847309,21.064796534930551,38.971783044787891,68.00648003899498,42.947413938986855,14.155083616068524,47.321138224967683,65.658106590954489,42.953914601168336,79.294404392922814,30.48649206705554,25.58425914101699,83.877042532009085,83.173286011970717,11.547360035284763,18.315579930514676,0,163.44970800287649,61.350460196019988,10.091709203544321,754.01344268217213,128.66494508745103,979.70436901521725,772.64685015283635,166.12893650408193,8.6519954294752157,42.357516735502742,448.40747427235567,54.277007771720598,299.66321190466823,39.765458548073617,116.76601076336472,281.44385129288622,261.38167662012188,132.67087863408824,22.61060897528828,140.34174763907473,275.55301075430322,873.9087904723707,0,0,0,0,392.73087229998686,813.73959889523962,298.39329214373174,196.61427772618521,438.44935921084772,103.60110611454191,0,,,,,5426.9055596297039,0,54.331904851064103,838.58095327423598,0
J62_J63,24.790591243357849,0.32616763535044935,0.41597151293063656,42.035806826695648,82.805792199051936,16.321671952250597,13.306247379819013,16.078121783240547,19.642845603851626,13.542395049796539,40.761427609237025,17.717561607400611,26.383122448980593,33.538176687205784,104.46613970376694,27.494668470089128,41.189193214392468,15.553720127627543,29.162426710973225,115.01426693718426,5.8100029318202795,7.8514514064954604,0,82.495122702370693,9.0884560569037109,8.409588223434044,137.04970293187799,19.33957085598994,755.11392226547218,285.89488855575922,63.867925454315902,8.5717699294850913,29.383633845185667,117.83303349998226,39.954178307486231,128.23405840673308,38.064928226520074,35.582959402537526,682.43042802840239,1185.9130663378123,219.98312303017542,189.98402186487067,169.38923782326654,137.23070128012174,1160.0685193910122,0,0,0,0,574.86877180677152,2201.457685976698,342.73434146890855,102.80052257299799,199.71416623675307,125.27148825885538,0,,,,,1055.6096691079615,0,377.97526157615238,3621.4465291730708,0
K64,589.96125533445399,18.652976217144271,28.853137060897726,485.09765278517011,237.30930063750694,27.560331437900793,32.337473120758993,28.121561212157047,37.986292485545533,45.134617746179813,73.708568020252855,27.447168905274616,40.936074746173745,42.492579288011576,155.65098555367371,85.405002057782241,37.467578870573803,24.414211981280801,28.879207647302749,55.43552721,16.491949469955909,18.332873658126097,0,771.57711405343196,288.60150772559513,8.9283059248719603,745.49122553519987,83.160394414384243,952.52808268809338,470.60036218384062,190.58653409451333,39.566001088393662,69.90380413133073,385.45667127244218,33.86832881779732,234.89711834514839,55.978942128809592,87.746516281416078,209.86608528771117,118.74569684874015,616.31396244425605,1011.7913035606668,83.230284221716914,5791.0797289690436,782.25493511663865,0,0,0,0,577.34270966789506,424.14502350611468,224.51501910173749,283.61339561241039,239.29121995659401,80.96557488845437,0,,,,,10337.383739503019,0,14.538160957806371,36.079945083964482,0
K65,145.30066033800702,11.819087705358216,10.28646019513331,111.60609192193692,146.36961167647075,2.7880743509382886,7.4927822023238049,12.421990806712984,7.557563789339544,9.7334683664386059,15.953827164784133,6.9680495719964446,12.539831090056655,18.588242313559839,10.69584814497736,15.009797425656991,5.2551744251531503,2.9081366340219823,5.6130384765958938,35.178364001662345,13.767402086978802,2.2772807886738167,0,5.9251882490284213,1.2249809423955835,0.66664464169795612,399.13572295093002,105.04840679901187,220.85363686538793,168.83052359035938,38.53076925081038,0.74550755788137857,2.2279054069394393,23.531695289955195,5.7101934171056783,165.25340019268302,53.464662712009357,39.390202259300871,27.848286078942696,40.555653281053672,53.858195239456826,6.568519415943431,26.079669679694167,217.62401353363393,123.90767347246975,0,0,0,0,111.4114532129624,61.11477667027696,13.516070357651261,44.541128126249937,129.89375333573224,5.703739383060717,0,,,,,12103.418263829786,0,1.9383211967544449,43.647508244445959,0
K66,215.63415737798039,0.64902624511155338,1.6134880373776612,225.84396168211293,39.854950132782463,3.4020749999422244,1.6542321960188109,4.8689399323779394,6.6642853688444905,3.0757622891129435,9.2694057125328193,3.7600465029336725,8.8799956698771982,14.34200822828117,3.9324094063783823,4.1600027959418142,5.2251491589537782,3.4519455343360033,10.187640110806351,4.1656954681363976,0.54979239136178459,3.5016539193991831,0,54.019304879362615,157.77671093267278,0.82295984319820958,2215.9700858335855,36.551911940346557,171.86019424005053,78.29177753904996,18.681764565136149,0.77531206370311301,4.8475757877520662,17.030938493115791,19.292752530809754,41.983256146212561,7.1371175529923052,10.838351789965614,102.65417634483453,18.476982844322478,5447.0290360323906,3218.5404425042939,2992.468140614289,49.893851160803521,212.74790033013318,0,0,0,0,58.970636254219329,1302.8061410269506,39.992765681298557,48.14114999355327,53.73339281923063,7.4580916766115832,0,,,,,1014.097885722427,0,3.3704627894463028,17.324312043641946,0
L68,106.57114197673327,5.0116008949190861E-2,0.41128618034793107,517.04857246398512,146.6078757641902,14.473305709613223,25.465692466157801,27.225249673135139,26.448375257476457,31.518259202908919,31.496113544494985,5.861298330001258,23.311084227117423,42.667361343235378,251.5567069994627,92.254372959236179,32.776010726494086,6.3600742297416035,14.457299391399317,88.49623811750584,42.888914896754088,2.7268535857797809,0,15.995452685135078,1.8714020532391076,1.1747584718174318,1942.262053048458,13.741964743639189,2473.3952511677794,833.22906764310801,379.98571460075169,8.5012301490195927,143.23194782493584,553.30614883491683,135.0302904190446,529.60721603061882,19.857500156052875,125.17797697221594,665.44564615312004,184.97464841904605,395.83686944234682,271.89091629835553,86.486383085229804,2948.5174792123794,707.28410648530678,0,0,0,0,1799.3551153563935,167.2292096265538,77.945112920590219,10.624370587456257,340.76367517673157,10.281489249690456,0,,,,,34057.451682262552,0,71.450093306376942,2090.6160857694026,0
M69_M70,680.41717627045614,9.236760955258676,10.490041046560604,997.50787777907522,439.44986447691571,53.752266324115347,76.174628155890304,133.11763522462073,131.62574183030037,48.553399798377306,175.79741234902792,149.72835667892386,150.01824236048233,166.6514468188399,172.32515107027851,209.9749442130059,192.59023009335175,125.00539625843949,198.20082371141041,508.93151270759341,52.441255823782932,43.239245628158258,0,255.29539896246524,205.41532087993099,5.0197873349345752,2955.5934472880163,329.29689552213188,1899.4986086391827,1757.3164678529649,507.65192195845765,39.628528353359656,178.35714824216424,677.37938102182454,44.27807226,566.48626124659199,167.4630690100347,194.4908124829004,334.16368969708628,1358.7342594598624,107.9531286397401,55.05757339956606,414.33025716398464,1840.8758660294729,5108.0563565563216,0,0,0,0,1273.0368885939074,1229.7923573432429,218.94001550798225,362.87207960305068,801.82400007183958,87.747914703179831,0,,,,,973.34600533518301,0,569.45121175038742,4943.0727703580151,0
M71,0,0,0,0,0,0,0,0,0,0,0,0,0,0,0,0,0,0,0,0,0,0,0,0,0,0,0,0,0,0,0,0,0,0,0,0,0,0,0,0,0,0,0,0,0,0,0,0,0,0,0,0,0,0,0,0,,,,,0,0,0,0,0
M72,0,0,0,0,0,0,0,0,0,0,0,0,0,0,0,0,0,0,0,0,0,0,0,0,0,0,0,0,0,0,0,0,0,0,0,0,0,0,0,0,0,0,0,0,0,0,0,0,0,0,0,0,0,0,0,0,,,,,0,0,0,0,0
M73,0,0,0,0,0,0,0,0,0,0,0,0,0,0,0,0,0,0,0,0,0,0,0,0,0,0,0,0,0,0,0,0,0,0,0,0,0,0,0,0,0,0,0,0,0,0,0,0,0,0,0,0,0,0,0,0,,,,,0,0,0,0,0
M74_M75,0,0,0,0,0,0,0,0,0,0,0,0,0,0,0,0,0,0,0,0,0,0,0,0,0,0,0,0,0,0,0,0,0,0,0,0,0,0,0,0,0,0,0,0,0,0,0,0,0,0,0,0,0,0,0,0,,,,,0,0,0,0,0
N,396.52391137431056,20.109135575797019,14.07583961538707,441.06275359996891,435.88544702910076,60.201919676739514,150.56353081657923,119.73842688671624,131.50623780158625,436.97900635699614,180.69089043021651,189.46526131673247,219.87769299256263,158.3469028488399,304.1492522407184,262.29630168931436,83.547707154710452,59.813304271153214,101.59705355228324,433.41850676441419,50.744532368020614,48.770825516184075,0,217.79790894623699,33.075702331802063,8.6059473451371762,1901.681306915232,186.40534103678689,988.63281272705751,1188.1983814504729,181.49886575264586,19.625588123155183,622.43912271642932,1172.5971434050612,74.758187878737573,1334.7508211048103,529.86540040287935,135.43246792536121,350.72458065627893,449.00040351496023,282.72116093248081,98.158693671987734,330.74033420780762,1399.8244346609802,1590.7891335797583,0,0,0,0,1570.119135577256,932.70107647360862,440.80432051016419,391.8724615660866,1017.6965920085769,160.75555623715113,0,,,,,1198.1161549798856,0,488.37375492961883,11.122957904677458,0
O84,33.094067038541823,3.7208080110041699,3.319483162485461,160.51138980002713,76.731440069862771,7.4196163371781845,13.541303849576513,29.254075913927753,15.174776660298637,30.906402229597113,109.51310486065933,23.531899964482932,50.747907465045081,32.826007935041581,30.334238339041747,45.990037102282017,14.31373875287186,8.7538969706430549,22.202253493062376,102.69712056546959,4.7140786106869239,7.2604582303132554,0,37.440804007253071,32.263656259492237,1.0945409102736714,324.30727786093746,57.987990247096398,190.91418017144838,147.32098328791929,204.38259454000161,2.7994542834346117,6.5718705937924975,286.3698580131616,32.64932416208795,57.641470165241437,88.159961375932113,43.655260464838172,173.49528995036897,216.79743464145827,19.293383848626199,6.0704274341512656,20.26701195989272,145.22781402770579,618.22600934197158,0,0,0,0,259.15496312983413,1090.4547526863821,161.85621356421296,79.85740321001299,191.83729861863912,16.120813361211962,0,,,,,614.33793441368425,0,33720.151239309525,202.71089729407078,0
P85,13.905316750609945,0.37053572689929398,0.9369474230957533,37.33887166253885,33.395701296853517,10.39625657293112,3.8002853610616221,6.4872900243368949,6.1644768918375163,13.714452997100262,13.254634374049317,5.7527934450868869,10.816247142615145,13.505012440175628,15.041555074691921,11.160164946248768,8.5391093220411527,4.5070259950923539,9.8795982518345191,22.240529724208997,1.7184534247947085,1.423427773361726,0,35.90529120836608,10.338061207155128,2.4821903260431308,58.098377975152417,24.363071412405972,42.381913695048723,34.913441279902116,18.422640571860651,1.1474284685839671,6.0370229784772356,45.020400452316068,2.3068015146526406,24.929779370115558,5.604241702053832,7.6440832687508804,13.175247463268729,66.455104616469498,69.861981166859323,9.1937096623926884,32.740716020555894,50.541353876097531,237.14970609031477,0,0,0,0,113.01658321078855,104.69177858384481,171.46699621786067,31.268948756038782,80.901395431532279,22.239855186623213,0,,,,,8418.2367199744458,0,11298.817134018953,68.621125506243715,0
Q,2.145888357257475,0.15813560901812923,0.41649689438655352,3.2290746593920669,4.6903635602396969,5.5177270906700793,2.8127980629829423,2.0970435527735245,2.240889681,0.45320395424464111,7.3285904292897399,22.797391737506658,2.4501881484337531,0.84129148302888335,0.8475890088569904,0.92818959730542971,0.89421590069548196,0.53772834239690581,0.97267756621062351,2.1457637526542856,0.24862257462135193,0.3308599614362186,0,1.1649443195620655,1.2134553212777852,1.5248551378205397E-2,10.179286621591588,4.7043049274374242,7.4388990451646491,7.6106603836109716,1.554185035335399,0.26872841365153222,0.54018020807609868,4.8759850099502131,3.2190841374413428,3.5132188879693595,1.6602926817199726,0.59468025601331942,2.6198018626485613,6.9942673364223422,1.8689693711207185,46.653751190616688,2.6140068656200404,6.9198728571738144,19.193440643323157,0,0,0,0,11.493017051591245,34.123558127887527,12.179676761315669,96.921522630862938,6.0247548616254081,1.1064430253247568,0,,,,,8774.8686843731484,0,17403.811705244509,15.13281071464098,0
R_S,174.25613826586019,40.783311692235564,16.649681708760458,443.86605111516735,81.857744065911561,30.67940197123874,68.471883625504788,33.631526417358288,26.731890079830372,81.691649042094994,45.503476434518319,3.2110379566667882,50.888217774440065,62.190124400372689,35.979646549076499,39.008631821857755,4.991050001195708,2.5810221711327914,28.184321550907843,44.633438346744882,2.8628732428348043,13.371959014472498,0,127.64708596334661,44.865980309089984,2.8703275543602573,250.53217779151458,10.168543575555226,352.54137993787106,363.38667297482448,134.95710284034874,37.63830104763295,63.755657291351504,221.71975144362673,59.913750387887688,162.95699976888727,98.315537253117427,209.80041503481985,307.65532086601195,235.19460096268674,143.50508977276337,22.97532177221343,79.334902482790255,233.17669836480596,571.43009577161718,0,0,0,0,334.69092735718033,199.00101316275155,286.03716228823805,265.80682538135028,431.10898624439477,45.055268685569892,0,,,,,8290.6517772188563,0,1352.6542876255583,34.61533154114948,0
T,10.656900181300806,2.4286425681819477,0.9885397342486304,31.668615684560745,7.896606659087972,2.3971874045337418,4.7047275353752873,3.5798988853197828,2.2275881855511628,5.1089864673764067,4.5584819519525039,1.2937253024931834,5.4330242088126921,5.1094900813687607,2.4844900485780497,4.1393040244203938,0.9988390404183588,0.38884093269232012,2.6616038747527551,7.162304958,0.36168643037645654,1.3722692613629568,0,10.278412599561126,3.1180800176756169,0.43788727686322082,45.522992365654886,0.92580821578300743,23.090373658399827,24.928939761215084,9.3606582948470844,2.4988239319351262,4.1043698465221716,14.49932352822962,3.9200490729368176,11.018771133046954,6.5239043480480916,12.745633323478696,19.001018237150053,17.605982765261889,10.742656077712688,1.8390357673648901,4.883702176783534,15.834371806720236,47.411763580379407,0,0,0,0,28.614525295380652,29.947593714971433,23.666623384676665,23.059879013836838,31.88952678,3.9215448404938535,0,,,,,3282.4817072752526,0,80.691125033690398,2.6667617543674167,0
U,0,0,0,0,0,0,0,0,0,0,0,0,0,0,0,0,0,0,0,0,0,0,0,0,0,0,0,0,0,0,0,0,0,0,0,0,0,0,0,0,0,0,0,0,0,0,0,0,0,0,0,0,0,0,0,0,,,,,0,0,0,0,0
capital,9739.77,582.69,869.31,28250.15,6401.86,705.81,996.33,923.38,1196.14,1561.26,1479.67,873.99,1626.47,1203.7,4851.98,2639.74,1072.09,781.33,1422.68,1611.94,1077.73,630,0,7182.73,2713.65,1221.01,5839.18,811.38,8329.59,8130.44,2758.61,432.22,1356.33,4665.17,622.91,3585.43,3463.93,2658.66,7997.33,8013.8,19695.56,10017.19,12727.86,53553.54,-349.55,0,0,0,0,-1164.26,7733.01,2921.01,4602.55,2109.26,0,0,,,,,,,,,
labor,11887.334,236.619,592.013,7024.106,9214.544,1405.437,2040.768,1243.33,1875.804,2408.088,2031.018,1275.655,2381.982,2609.202,6375.537,4500.388,1708.296,1020.591,2191.823,2213.052,1763.813,1258.67,0,3389.618,1331.91,583.518,30989.123,3054.392,23381.566,23411.049,10583.774,841.483,2115.811,7078.653,1900.937,14053.39,2273.988,1875.702,4968.222,5864.236,12983.612,6580.553,10128.206,5555.366,27491.379,0,0,0,0,20963.279,30974.852,27376.175,31756.832,9083.86,4161.873,0,,,,,,,,,
TXSP,261.88717059128089,52.737604474850571,28.79759254103968,186.95917097211321,277.07508297274967,65.785747785377069,30.287613201717786,25.998748155846435,14.89356763351568,147.92173618401691,45.191649619090192,7.7642557156372183,22.054821208490562,25.108307183774038,7.3394700909227693,48.380790797098456,8.6213500009967898,9.8661576593281595,16.522795397446025,100.81148746106504,16.874899742438597,12.230428521021414,0,38.494447142120883,100.51242866573988,30.337856408267488,338.74284111818434,91.688105621797021,218.97784523963136,127.8479370070436,645.87554467438667,28.668667984137908,164.52158568354247,213.80746329749306,102.49499490982959,681.30980716163299,36.124352248887227,46.935528745749728,176.57250564486236,51.277621921350082,392.41981322657261,250.82659545645672,35.184240468199654,1146.4387570068923,564.07526149432954,0,0,0,0,249.57341197622688,221.9700867422946,81.643325237801079,51.596518311504781,104.68076339514302,10.830260661810398,0,,,,,,,,,
TAX2,NA,NA,NA,NA,NA,NA,NA,NA,NA,NA,NA,NA,NA,NA,NA,NA,NA,NA,NA,NA,NA,NA,NA,NA,NA,NA,NA,NA,NA,NA,NA,NA,NA,NA,NA,NA,NA,NA,NA,NA,NA,NA,NA,NA,NA,NA,NA,NA,NA,NA,NA,NA,NA,NA,NA,NA,NA,NA,NA,NA,NA,NA,NA,NA,NA
CONS_h,NA,NA,NA,NA,NA,NA,NA,NA,NA,NA,NA,NA,NA,NA,NA,NA,NA,NA,NA,NA,NA,NA,NA,NA,NA,NA,NA,NA,NA,NA,NA,NA,NA,NA,NA,NA,NA,NA,NA,NA,NA,NA,NA,NA,NA,NA,NA,NA,NA,NA,NA,NA,NA,NA,NA,NA,NA,NA,NA,NA,NA,NA,NA,NA,NA
CONS_np,NA,NA,NA,NA,NA,NA,NA,NA,NA,NA,NA,NA,NA,NA,NA,NA,NA,NA,NA,NA,NA,NA,NA,NA,NA,NA,NA,NA,NA,NA,NA,NA,NA,NA,NA,NA,NA,NA,NA,NA,NA,NA,NA,NA,NA,NA,NA,NA,NA,NA,NA,NA,NA,NA,NA,NA,NA,NA,NA,NA,NA,NA,NA,NA,NA
CONS_g,NA,NA,NA,NA,NA,NA,NA,NA,NA,NA,NA,NA,NA,NA,NA,NA,NA,NA,NA,NA,NA,NA,NA,NA,NA,NA,NA,NA,NA,NA,NA,NA,NA,NA,NA,NA,NA,NA,NA,NA,NA,NA,NA,NA,NA,NA,NA,NA,NA,NA,NA,NA,NA,NA,NA,NA,NA,NA,NA,NA,NA,NA,NA,NA,NA
GFCF,NA,NA,NA,NA,NA,NA,NA,NA,NA,NA,NA,NA,NA,NA,NA,NA,NA,NA,NA,NA,NA,NA,NA,NA,NA,NA,NA,NA,NA,NA,NA,NA,NA,NA,NA,NA,NA,NA,NA,NA,NA,NA,NA,NA,NA,NA,NA,NA,NA,NA,NA,NA,NA,NA,NA,NA,NA,NA,NA,NA,NA,NA,NA,NA,NA
INVEN,NA,NA,NA,NA,NA,NA,NA,NA,NA,NA,NA,NA,NA,NA,NA,NA,NA,NA,NA,NA,NA,NA,NA,NA,NA,NA,NA,NA,NA,NA,NA,NA,NA,NA,NA,NA,NA,NA,NA,NA,NA,NA,NA,NA,NA,NA,NA,NA,NA,NA,NA,NA,NA,NA,NA,NA,NA,NA,NA,NA,NA,NA,NA,NA,NA
